{
  "benchmarks": [
    {
      "name": "atomico",
      "bytesSent": 13425,
      "measurement": {
        "name": "callback",
        "mode": "callback"
      },
      "browser": {
        "name": "chrome",
        "headless": true,
        "windowSize": {
          "width": 1024,
          "height": 768
        },
        "userAgent": "Mozilla/5.0 (Macintosh; Intel Mac OS X 10_15_7) AppleWebKit/537.36 (KHTML, like Gecko) HeadlessChrome/123.0.6312.107 Safari/537.36"
      },
      "mean": {
        "low": 78.3848957977208,
        "high": 80.23510419989502
      },
      "differences": [
        null,
        {
          "absolute": {
            "low": 56.35603894683101,
            "high": 58.2919610455396
          },
          "percentChange": {
            "low": 254.44107978328674,
            "high": 267.01803046275535
          }
        },
        {
          "absolute": {
            "low": 43.36937344848956,
            "high": 45.27462654292737
          },
          "percentChange": {
            "low": 123.65112695173465,
            "high": 129.70430915082713
          }
        },
        {
          "absolute": {
            "low": 15.987065265946779,
            "high": 18.572934717363925
          },
          "percentChange": {
            "low": 25.47200794864551,
            "high": 30.242968642238992
          }
        },
        {
          "absolute": {
            "low": -206.59575950122507,
            "high": -200.24424049639077
          },
          "percentChange": {
            "low": -72.3933822375425,
            "high": -71.50362197179028
          }
        }
      ],
      "samples": [
        76.69999998807907,
        78.30000001192093,
        76.89999997615814,
        80.89999997615814,
        77,
        79.59999996423721,
        80.30000001192093,
        78.89999997615814,
        77.5,
        88.40000003576279,
        77.5,
        79.19999998807907,
        77,
        81.09999996423721,
        78.39999997615814,
        78.30000001192093,
        77.29999995231628,
        80.80000001192093,
        77.40000003576279,
        87.19999998807907,
        78.40000003576279,
        78.10000002384186,
        86.39999997615814,
        80.90000003576279,
        87.90000003576279,
        79.80000001192093,
        79.59999996423721,
        77.60000002384186,
        87.19999998807907,
        78.19999998807907,
        79.5,
        79.40000003576279,
        78.20000004768372,
        77.09999996423721,
        77.69999998807907,
        77.80000001192093,
        86.59999996423721,
        77.70000004768372,
        78.09999996423721,
        77.30000001192093,
        76.5,
        78.40000003576279,
        76.19999998807907,
        76.5,
        80.29999995231628,
        77.89999997615814,
        77.39999997615814,
        78.19999998807907,
        76.20000004768372,
        75.69999998807907
      ]
    },
    {
      "name": "bacom",
      "bytesSent": 4647,
      "measurement": {
        "name": "callback",
        "mode": "callback"
      },
      "browser": {
        "name": "chrome",
        "headless": true,
        "windowSize": {
          "width": 1024,
          "height": 768
        },
        "userAgent": "Mozilla/5.0 (Macintosh; Intel Mac OS X 10_15_7) AppleWebKit/537.36 (KHTML, like Gecko) HeadlessChrome/123.0.6312.107 Safari/537.36"
      },
      "mean": {
        "low": 21.701165295822243,
        "high": 22.270834709422964
      },
      "differences": [
        {
          "absolute": {
            "low": -58.2919610455396,
            "high": -56.35603894683101
          },
          "percentChange": {
            "low": -72.76166238649466,
            "high": -71.79514002693853
          }
        },
        null,
        {
          "absolute": {
            "low": -13.366431565788137,
            "high": -12.637568435165544
          },
          "percentChange": {
            "low": -38.0720519153868,
            "high": -36.250572980720705
          }
        },
        {
          "absolute": {
            "low": -40.99109727106182,
            "high": -39.09690273799809
          },
          "percentChange": {
            "low": -65.2466817441225,
            "high": -63.86503839101392
          }
        },
        {
          "absolute": {
            "low": -263.7953540296018,
            "high": -257.6926459603847
          },
          "percentChange": {
            "low": -92.3545639943908,
            "high": -92.09278860150776
          }
        }
      ],
      "samples": [
        21.399999976158142,
        22.099999964237213,
        22.100000023841858,
        22.099999964237213,
        22.400000035762787,
        21.5,
        21.400000035762787,
        22.5,
        23,
        23.30000001192093,
        21.69999998807907,
        21.099999964237213,
        17.900000035762787,
        21.900000035762787,
        21.599999964237213,
        21.69999998807907,
        21.599999964237213,
        20.899999976158142,
        22.299999952316284,
        22.400000035762787,
        21.700000047683716,
        21.80000001192093,
        21.5,
        22.19999998807907,
        20.700000047683716,
        22.19999998807907,
        21.80000001192093,
        22.5,
        22.200000047683716,
        21.69999998807907,
        22.30000001192093,
        22,
        22.69999998807907,
        22.900000035762787,
        21.700000047683716,
        21.5,
        25.900000035762787,
        22.899999976158142,
        22.099999964237213,
        21.80000001192093,
        22.100000023841858,
        22,
        22.19999998807907,
        21.69999998807907,
        21.80000001192093,
        21.600000023841858,
        20.900000035762787,
        22,
        22.099999964237213,
        23.899999976158142
      ]
    },
    {
      "name": "lit",
      "bytesSent": 19016,
      "measurement": {
        "name": "callback",
        "mode": "callback"
      },
      "browser": {
        "name": "chrome",
        "headless": true,
        "windowSize": {
          "width": 1024,
          "height": 768
        },
        "userAgent": "Mozilla/5.0 (Macintosh; Intel Mac OS X 10_15_7) AppleWebKit/537.36 (KHTML, like Gecko) HeadlessChrome/123.0.6312.107 Safari/537.36"
      },
      "mean": {
        "low": 34.76066862471715,
        "high": 35.21533138148174
      },
      "differences": [
        {
          "absolute": {
            "low": -45.27462654292737,
            "high": -43.36937344848956
          },
          "percentChange": {
            "low": -56.473532040139375,
            "high": -55.295475642056225
          }
        },
        {
          "absolute": {
            "low": 12.637568435165544,
            "high": 13.366431565788137
          },
          "percentChange": {
            "low": 56.831204800559966,
            "high": 61.44406126808277
          }
        },
        null,
        {
          "absolute": {
            "low": -27.97341933908502,
            "high": -26.11058066902121
          },
          "percentChange": {
            "low": -44.49443155381683,
            "high": -42.69563777049384
          }
        },
        {
          "absolute": {
            "low": -250.78852427472833,
            "high": -244.69547571430445
          },
          "percentChange": {
            "low": -87.78033635403158,
            "high": -87.46954869290758
          }
        }
      ],